<?xml version="1.0" encoding="UTF-8"?>
<!DOCTYPE mapper PUBLIC "-//mybatis.org//DTD Mapper 3.0//EN" "http://mybatis.org/dtd/mybatis-3-mapper.dtd">
<mapper namespace="com.example.api_project.mapper.DistrictMapper">

    <resultMap type="com.example.api_project.pojo.District" id="DistrictMap">
        <result property="description" column="description" jdbcType="VARCHAR"/>
        <result property="districtCode" column="district_code" jdbcType="VARCHAR"/>
        <result property="districtName" column="district_name" jdbcType="VARCHAR"/>
        <result property="inventoryDistrictkey" column="inventory_district_key" jdbcType="VARCHAR"/>
        <result property="inventoryKey" column="inventory_key" jdbcType="VARCHAR"/>
        <result property="sort" column="sort" jdbcType="INTEGER"/>
        <result property="status" column="status" jdbcType="INTEGER"/>
        <result property="inventoryName" column="inventory_name" jdbcType="VARCHAR"/>
        <result property="inventoryCode" column="inventory_code" jdbcType="VARCHAR"/>
    </resultMap>

    <!--查询单个-->
    <select id="queryById" resultMap="DistrictMap">
        select
          description, district_code,district_name, inventory_district_key, inventory_key, sort
        from district
        where inventory_district_key = #{inventoryDistrictkey}
    </select>

    <!--查询所有（不分页）-->
    <select id="getList" resultMap="DistrictMap">
        select
            description, district_code,district_name, inventory_district_key, inventory_key, sort,status
        from district
        where inventory_key = #{inventoryKey}
          and district.inventory_key != '00000000000000000'
        order by district_name
    </select>

    <!--分页查询所有-->
    <select id="getListPage" resultMap="DistrictMap">
        select
            district.description,inventory_name,inventory_code, district_code,district_name, inventory_district_key, district.inventory_key, sort,district.status
        from district
        join inventory on inventory.inventory_key=district.inventory_key
        order by inventory_district_key desc
        limit #{startRows,jdbcType=INTEGER}, #{pageSize,jdbcType=INTEGER}
    </select>

    <!--查询指定行数据-->
    <select id="queryAllByLimit" resultMap="DistrictMap">
        select
            district.description,inventory_name,inventory_code, district_code,district_name, inventory_district_key, district.inventory_key, sort,district.status
        from district
        join inventory on inventory.inventory_key=district.inventory_key
        <where>
            <if test="districtCode != null and districtCode != ''">
                and district_code like concat('%', #{districtCode}, '%')
            </if>
            <if test="districtName != null and districtName != ''">
                and district_name like concat('%', #{districtName}, '%')
            </if>
            <if test="status != null and status != ''">
                and status = #{status}
            </if>
            <if test="inventoryKey != null and inventoryKey != ''">
                and district.inventory_key = #{inventoryKey}
            </if>
            and district.inventory_key != '00000000000000000'
        </where>
        limit #{startRows,jdbcType=INTEGER}, #{pageSize,jdbcType=INTEGER}
    </select>

    <!--统计总行数-->
    <select id="count" resultType="java.lang.Long">
        select count(1)
        from district
        join inventory on inventory.inventory_key=district.inventory_key
        <where>
            <if test="districtCode != null and districtCode != ''">
                and district_code like concat('%', #{districtCode}, '%')
            </if>
            <if test="districtName != null and districtName != ''">
                and district_name like concat('%', #{districtName}, '%')
            </if>
            <if test="status != null and status != ''">
                and status = #{status}
            </if>
            <if test="inventoryKey != null and inventoryKey != ''">
                and district.inventory_key = #{inventoryKey}
            </if>
            and district.inventory_key != '00000000000000000'
        </where>
    </select>

    <!--新增所有列-->
    <insert id="insert" keyProperty="inventoryDistrictkey" useGeneratedKeys="true">
        insert into district(inventory_district_key,description, district_code,district_name, inventory_key, sort,status)
        values (#{inventoryDistrictkey},#{description}, #{districtCode}, #{districtName},#{inventoryKey}, #{sort},#{status})
    </insert>

    <insert id="insertBatch" keyProperty="inventoryDistrictkey" useGeneratedKeys="true">
        insert into district(description, district_code,district_name, inventory_key, sort,status)
        values
        <foreach collection="entities" item="entity" separator=",">
        (#{entity.description}, #{entity.districtCode}, #{entity.districtName},#{entity.inventoryKey}, #{entity.sort},#{entity.status})
        </foreach>
    </insert>

    <insert id="insertOrUpdateBatch" keyProperty="inventoryDistrictkey" useGeneratedKeys="true">
        insert into district(description, district_code,district_name, inventory_key, sort,status)
        values
        <foreach collection="entities" item="entity" separator=",">
            (#{entity.description}, #{entity.districtCode}, #{entity.districtName},#{entity.inventoryKey}, #{entity.sort},#{entity.status})
        </foreach>
        on duplicate key update
        description = values(description),
        district_code = values(district_code),
        district_name = values(district_name),
        inventory_key = values(inventory_key),
        sort = values(sort)
        status = values(status)
    </insert>

    <!--通过主键修改数据-->
    <update id="update">
        update district
        <set>
                description = #{description},
            <if test="districtCode != null and districtCode != ''">
                district_code = #{districtCode},
            </if>
            <if test="districtName != null and districtName != ''">
                district_name = #{districtName},
            </if>
            <if test="inventoryKey != null and inventoryKey != ''">
                inventory_key = #{inventoryKey},
            </if>
            <if test="sort != null and sort != ''">
                sort = #{sort},
            </if>
            <if test="status != null and status != ''">
                status = #{status},
            </if>
        </set>
        where inventory_district_key = #{inventoryDistrictkey}
    </update>

    <!--通过主键删除-->
    <delete id="deleteById">
        delete from district where inventory_district_key = #{inventoryDistrictkey}
    </delete>

</mapper>

