<?xml version="1.0" encoding="UTF-8"?>
<!DOCTYPE mapper PUBLIC "-//mybatis.org//DTD Mapper 3.0//EN" "http://mybatis.org/dtd/mybatis-3-mapper.dtd">
<mapper namespace="com.example.api_project.mapper.InventoryMapper">

    <resultMap type="com.example.api_project.pojo.Inventory" id="InventoryMap">
        <result property="categoryKey" column="category_key" jdbcType="VARCHAR"/>
        <result property="contactName" column="contact_name" jdbcType="VARCHAR"/>
        <result property="inventoryCode" column="inventory_code" jdbcType="VARCHAR"/>
        <result property="inventoryKey" column="inventory_key" jdbcType="VARCHAR"/>
        <result property="inventoryName" column="inventory_name" jdbcType="VARCHAR"/>
        <result property="inventoryType" column="inventory_type" jdbcType="INTEGER"/>
        <result property="tel" column="tel" jdbcType="VARCHAR"/>
        <result property="zipCode" column="zip_code" jdbcType="VARCHAR"/>
        <result property="province" column="province" jdbcType="VARCHAR"/>
        <result property="city" column="city" jdbcType="VARCHAR"/>
        <result property="district" column="district" jdbcType="VARCHAR"/>
        <result property="detail" column="detail" jdbcType="VARCHAR"/>
        <result property="belongKey" column="belong_key" jdbcType="VARCHAR"/>
        <result property="description" column="description" jdbcType="VARCHAR"/>
        <result property="status" column="status" jdbcType="INTEGER"/>

        <association property="categoryName" javaType="String"
                     column="{categoryKey=category_key}"
                     select="com.example.api_project.mapper.CategoryMapper.queryNameById">
        </association>
    </resultMap>

    <!--查询所有（不分页）-->
    <select id="getList" resultMap="InventoryMap">
        select category_key,
               contact_name,
               inventory_code,
               inventory_key,
               inventory_name,
               inventory_type,
               tel,
               zip_code,
               province,
               city,
               district,
               detail,
               description,
               status,
               belong_key
        from inventory
        where inventory_key != '00000000000000000'
        order by inventory_name
    </select>

    <select id="getListCategory" resultMap="InventoryMap">
        select category_key,
               contact_name,
               inventory_code,
               inventory_key,
               inventory_name,
               inventory_type,
               tel,
               zip_code,
               province,
               city,
               district,
               detail,
               description,
               status,
               belong_key
        from inventory
        where  category_key = #{categoryKey}
        and inventory_key != '00000000000000000'
        order by inventory_name
    </select>

    <!--分页查询所有-->
    <select id="getListPage" resultMap="InventoryMap">
        select category_key,
               contact_name,
               inventory_code,
               inventory_key,
               inventory_name,
               inventory_type,
               tel,
               zip_code,
               province,
               city,
               district,
               detail,
               description,
               status,
               belong_key
        from inventory
        where inventory_key != '00000000000000000'
        order by inventory_name
        limit #{startRows,jdbcType=INTEGER}, #{pageSize,jdbcType=INTEGER}
    </select>

    <!--查询仓库名单个-->
    <select id="queryNameById" resultType="String">
        select
            inventory_name
        from inventory
        where inventory_key = #{inventoryKey}
    </select>

    <!--查询单个-->
    <select id="queryById" resultMap="InventoryMap">
        select category_key,
               contact_name,
               inventory_code,
               inventory_key,
               inventory_name,
               inventory_type,
               tel,
               zip_code,
               province,
               city,
               district,
               detail,
               description,
               status,
               belong_key
        from inventory
        where inventory_key = #{inventoryKey}
    </select>

    <!--查询指定行数据-->
    <select id="queryAllByLimit" resultMap="InventoryMap">
        select inventory.*, category.category_name
        from inventory join category on inventory.category_key = category.category_key
        <where>
            <if test="categoryKey != null and categoryKey != ''">
                and inventory.category_key = #{categoryKey}
            </if>
            <if test="inventoryType != null">
                and inventory.inventory_type = #{inventoryType}
            </if>
            <if test="inventoryName != null and inventoryName != ''">
                and inventory_name like concat('%', #{inventoryName}, '%')
            </if>
            <if test="inventoryCode != null and inventoryCode != ''">
                and inventory_code like concat('%', #{inventoryCode}, '%')
            </if>
            <if test="status != null and status != ''">
                and status = #{status}
            </if>
            <if test="belongKey != null and belongKey != ''">
                and belong_key = #{belongKey}
            </if>
            and inventory_key != '00000000000000000'
        </where>
        limit #{startRows,jdbcType=INTEGER}, #{pageSize,jdbcType=INTEGER}
    </select>

    <!--统计总行数-->
    <select id="count" resultType="java.lang.Long">
        select count(1)
        from inventory
        <where>
            <if test="categoryKey != null and categoryKey != ''">
                and category_key = #{categoryKey}
            </if>
            <if test="contactName != null and contactName != ''">
                and contact_name = #{contactName}
            </if>
            <if test="inventoryCode != null and inventoryCode != ''">
                and inventory_code = #{inventoryCode}
            </if>
            <if test="inventoryKey != null and inventoryKey != ''">
                and inventory_key = #{inventoryKey}
            </if>
            <if test="inventoryName != null and inventoryName != ''">
                and inventory_name = #{inventoryName}
            </if>
            <if test="inventoryType != null and inventoryType!=''">
                and inventory_type = #{inventoryType}
            </if>
            <if test="tel != null and tel != ''">
                and tel = #{tel}
            </if>
            <if test="zipCode != null and zipCode != ''">
                and zip_code = #{zipCode}
            </if>
            <if test="province != null and province != ''">
                and province = #{province}
            </if>
            <if test="city != null and city != ''">
                and city = #{city}
            </if>
            <if test="district != null and district != ''">
                and district = #{district}
            </if>
            <if test="detail != null and detail != ''">
                and detail = #{detail}
            </if>
            <if test="description != null and description != ''">
                and description = #{description}
            </if>
            <if test="status != null and status != ''">
                and status = #{status}
            </if>
            <if test="belongKey != null and belongKey != ''">
                and belong_key = #{belongKey}
            </if>
            and inventory_key != '00000000000000000'
        </where>
    </select>

    <!--新增所有列-->
    <insert id="insert" keyProperty="inventoryKey" useGeneratedKeys="true">
        insert into inventory(inventory_key,category_key, contact_name, inventory_code, inventory_name, inventory_type, tel, zip_code,
                              province, city, district, detail, description,status,belong_key)
        values (#{inventoryKey},#{categoryKey}, #{contactName}, #{inventoryCode}, #{inventoryName}, #{inventoryType}, #{tel},
                #{zipCode}, #{province}, #{city}, #{district}, #{detail}, #{description},#{status},#{belongKey})
    </insert>

    <insert id="insertBatch" keyProperty="inventoryKey" useGeneratedKeys="true">
        insert into inventory(category_key, contact_name, inventory_code, inventory_name, inventory_type, tel, zip_code,
        province, city, district, detail, description,status,belong_key)
        values
        <foreach collection="entities" item="entity" separator=",">
            (#{entity.categoryKey}, #{entity.contactName}, #{entity.inventoryCode}, #{entity.inventoryName},
            #{entity.inventoryType}, #{entity.tel}, #{entity.zipCode}, #{entity.province}, #{entity.city},
            #{entity.district}, #{entity.detail}, #{entity.description},#{status},#{belongKey})
        </foreach>
    </insert>

    <insert id="insertOrUpdateBatch" keyProperty="inventoryKey" useGeneratedKeys="true">
        insert into inventory(category_key, contact_name, inventory_code, inventory_name, inventory_type, tel, zip_code,
        province, city, district, detail, description,status,belong_key)
        values
        <foreach collection="entities" item="entity" separator=",">
            (#{entity.categoryKey}, #{entity.contactName}, #{entity.inventoryCode}, #{entity.inventoryName},
            #{entity.inventoryType}, #{entity.tel}, #{entity.zipCode}, #{entity.province}, #{entity.city},
            #{entity.district}, #{entity.detail}, #{entity.description}#{entity.status},#{entity.belongKey})
        </foreach>
        on duplicate key update
        category_key = values(category_key),
        contact_name = values(contact_name),
        inventory_code = values(inventory_code),
        inventory_name = values(inventory_name),
        inventory_type = values(inventory_type),
        tel = values(tel),
        zip_code = values(zip_code),
        province = values(province),
        city = values(city),
        district = values(district),
        detail = values(detail),
        description = values(description)
        status = values(status)
        belong_key= values(belong_key)
    </insert>

    <!--删除分类时，将该分类下的数据设置为暂未分类 -->
    <update id="setNoCategory">
        update inventory
        set category_key = #{categoryKey}
        where inventory_key = #{inventoryKey}
    </update>

    <!--通过主键修改数据-->
    <update id="update">
        update inventory
        <set>
            <if test="categoryKey != null and categoryKey != ''">
                category_key = #{categoryKey},
            </if>
            <if test="contactName != null and contactName != ''">
                contact_name = #{contactName},
            </if>
            <if test="inventoryCode != null and inventoryCode != ''">
                inventory_code = #{inventoryCode},
            </if>
            <if test="inventoryName != null and inventoryName != ''">
                inventory_name = #{inventoryName},
            </if>
            <if test="inventoryType != null and inventoryType!=''">
                inventory_type = #{inventoryType},
            </if>
            <if test="tel != null and tel != ''">
                tel = #{tel},
            </if>
            <if test="zipCode != null and zipCode != ''">
                zip_code = #{zipCode},
            </if>
            <if test="province != null and province != ''">
                province = #{province},
            </if>
            <if test="city != null and city != ''">
                city = #{city},
            </if>
            <if test="district != null and district != ''">
                district = #{district},
            </if>
                detail = #{detail},
                description = #{description},
            <if test="status != null and status != ''">
                status = #{status},
            </if>
                belong_key = #{belongKey},
        </set>
        where inventory_key = #{inventoryKey}
    </update>

    <!--通过主键删除-->
    <delete id="deleteById">
        delete
        from inventory
        where inventory_key = #{inventoryKey}
    </delete>

</mapper>

