{
  "id": "2367839",
  "name": "名创优品",
  "font_family": "iconfont",
  "css_prefix_text": "icon-",
  "description": "研发平台全部图表",
  "glyphs": [
    {
      "icon_id": "1305399",
      "name": "保存",
      "font_class": "baocun",
      "unicode": "e63b",
      "unicode_decimal": 58939
    },
    {
      "icon_id": "11383637",
      "name": "运行",
      "font_class": "yunhang",
      "unicode": "e6c1",
      "unicode_decimal": 59073
    },
    {
      "icon_id": "2471406",
      "name": "折叠效果",
      "font_class": "zhediexiaoguo",
      "unicode": "e680",
      "unicode_decimal": 59008
    },
    {
      "icon_id": "1277990",
      "name": "展开",
      "font_class": "zhankai",
      "unicode": "e65b",
      "unicode_decimal": 58971
    },
    {
      "icon_id": "8949014",
      "name": "展开",
      "font_class": "zhankai1",
      "unicode": "e659",
      "unicode_decimal": 58969
    },
    {
      "icon_id": "629333",
      "name": "设置",
      "font_class": "shezhi1",
      "unicode": "e64b",
      "unicode_decimal": 58955
    },
    {
      "icon_id": "900138",
      "name": "实时",
      "font_class": "shishi",
      "unicode": "e64c",
      "unicode_decimal": 58956
    },
    {
      "icon_id": "1881555",
      "name": "实时流计算",
      "font_class": "shishiliujisuan",
      "unicode": "e663",
      "unicode_decimal": 58979
    },
    {
      "icon_id": "2778209",
      "name": "数据服务",
      "font_class": "shujufuwu",
      "unicode": "e660",
      "unicode_decimal": 58976
    },
    {
      "icon_id": "3114162",
      "name": "开发",
      "font_class": "kaifa",
      "unicode": "e733",
      "unicode_decimal": 59187
    },
    {
      "icon_id": "7216345",
      "name": "统计",
      "font_class": "tongji",
      "unicode": "e613",
      "unicode_decimal": 58899
    },
    {
      "icon_id": "16746839",
      "name": "自助分析",
      "font_class": "zizhufenxi",
      "unicode": "e67b",
      "unicode_decimal": 59003
    },
    {
      "icon_id": "18042486",
      "name": "软件开发2",
      "font_class": "ruanjiankaifa2",
      "unicode": "e628",
      "unicode_decimal": 58920
    },
    {
      "icon_id": "5121525",
      "name": "项目",
      "font_class": "xiangmu",
      "unicode": "e64e",
      "unicode_decimal": 58958
    },
    {
      "icon_id": "13119206",
      "name": "展开",
      "font_class": "zhankai2",
      "unicode": "e7d3",
      "unicode_decimal": 59347
    },
    {
      "icon_id": "7562909",
      "name": "菜单_展开",
      "font_class": "caidan_zhankai",
      "unicode": "e611",
      "unicode_decimal": 58897
    },
    {
      "icon_id": "1348257",
      "name": "用户管理",
      "font_class": "yonghuguanli",
      "unicode": "e618",
      "unicode_decimal": 58904
    },
    {
      "icon_id": "1680721",
      "name": "部门管理",
      "font_class": "bumenguanli",
      "unicode": "e66e",
      "unicode_decimal": 58990
    },
    {
      "icon_id": "2131757",
      "name": "跟踪",
      "font_class": "track",
      "unicode": "e81c",
      "unicode_decimal": 59420
    },
    {
      "icon_id": "3122227",
      "name": "二级-租户首页",
      "font_class": "erji-zuhushouye",
      "unicode": "eabe",
      "unicode_decimal": 60094
    },
    {
      "icon_id": "7171144",
      "name": "角色管理",
      "font_class": "jiaoseguanli",
      "unicode": "e626",
      "unicode_decimal": 58918
    },
    {
      "icon_id": "8242614",
      "name": "在途跟踪",
      "font_class": "zaitugenzong",
      "unicode": "e681",
      "unicode_decimal": 59009
    },
    {
      "icon_id": "8286865",
      "name": "菜单管理",
      "font_class": "caidanguanli",
      "unicode": "e686",
      "unicode_decimal": 59014
    },
    {
      "icon_id": "24848426",
      "name": "令牌管理",
      "font_class": "lingpaiguanli",
      "unicode": "e638",
      "unicode_decimal": 58936
    },
    {
      "icon_id": "18925046",
      "name": "标签",
      "font_class": "70BasicIcons-all-52",
      "unicode": "e64d",
      "unicode_decimal": 58957
    },
    {
      "icon_id": "14794544",
      "name": "交集",
      "font_class": "jiaoji",
      "unicode": "e619",
      "unicode_decimal": 58905
    },
    {
      "icon_id": "21857343",
      "name": "union",
      "font_class": "union",
      "unicode": "e616",
      "unicode_decimal": 58902
    },
    {
      "icon_id": "21857337",
      "name": "complement",
      "font_class": "complement",
      "unicode": "e615",
      "unicode_decimal": 58901
    },
    {
      "icon_id": "12755271",
      "name": "心 爱心",
      "font_class": "xinaixin",
      "unicode": "e612",
      "unicode_decimal": 58898
    },
    {
      "icon_id": "8680720",
      "name": "三角下标（正方形）",
      "font_class": "triangle-down-copy",
      "unicode": "e604",
      "unicode_decimal": 58884
    },
    {
      "icon_id": "10150389",
      "name": "三角下标（正方形）",
      "font_class": "arrDnR-fill",
      "unicode": "e621",
      "unicode_decimal": 58913
    },
    {
      "icon_id": "5243824",
      "name": "函数",
      "font_class": "hanshu",
      "unicode": "e693",
      "unicode_decimal": 59027
    },
    {
      "icon_id": "7348549",
      "name": "列表",
      "font_class": "juxing",
      "unicode": "e602",
      "unicode_decimal": 58882
    },
    {
      "icon_id": "9560855",
      "name": "用户组",
      "font_class": "yonghuzu",
      "unicode": "e7b2",
      "unicode_decimal": 59314
    },
    {
      "icon_id": "8409435",
      "name": "功能权限",
      "font_class": "gongnengquanxian",
      "unicode": "e654",
      "unicode_decimal": 58964
    },
    {
      "icon_id": "19465582",
      "name": "数据权限",
      "font_class": "shujuquanxian",
      "unicode": "e762",
      "unicode_decimal": 59234
    },
    {
      "icon_id": "6148030",
      "name": "记录",
      "font_class": "jilu",
      "unicode": "e666",
      "unicode_decimal": 58982
    },
    {
      "icon_id": "15659294",
      "name": "告警",
      "font_class": "gaojing",
      "unicode": "e6b7",
      "unicode_decimal": 59063
    },
    {
      "icon_id": "14835595",
      "name": "右箭头",
      "font_class": "arrowRight",
      "unicode": "e65d",
      "unicode_decimal": 58973
    },
    {
      "icon_id": "1304876",
      "name": "监控",
      "font_class": "jiankong",
      "unicode": "e620",
      "unicode_decimal": 58912
    },
    {
      "icon_id": "10506194",
      "name": "空间分析",
      "font_class": "kongjianfenxi",
      "unicode": "e648",
      "unicode_decimal": 58952
    },
    {
      "icon_id": "12717497",
      "name": "运维工具",
      "font_class": "yunweigongju",
      "unicode": "e610",
      "unicode_decimal": 58896
    },
    {
      "icon_id": "7674892",
      "name": "删除",
      "font_class": "shanchu",
      "unicode": "e716",
      "unicode_decimal": 59158
    },
    {
      "icon_id": "17711729",
      "name": "安全",
      "font_class": "yingyongbeifen",
      "unicode": "e821",
      "unicode_decimal": 59425
    },
    {
      "icon_id": "1159906",
      "name": "停止",
      "font_class": "tingzhi",
      "unicode": "e62a",
      "unicode_decimal": 58922
    },
    {
      "icon_id": "1489076",
      "name": "灯灭",
      "font_class": "dengmie",
      "unicode": "e61e",
      "unicode_decimal": 58910
    },
    {
      "icon_id": "6547416",
      "name": "详情",
      "font_class": "xiangqing",
      "unicode": "e67e",
      "unicode_decimal": 59006
    },
    {
      "icon_id": "11719490",
      "name": "保存",
      "font_class": "ziyuan",
      "unicode": "e617",
      "unicode_decimal": 58903
    },
    {
      "icon_id": "17550754",
      "name": "更多",
      "font_class": "gengduo",
      "unicode": "e60f",
      "unicode_decimal": 58895
    },
    {
      "icon_id": "18309270",
      "name": "设 置",
      "font_class": "shezhi",
      "unicode": "e60e",
      "unicode_decimal": 58894
    },
    {
      "icon_id": "19594586",
      "name": "播放",
      "font_class": "play",
      "unicode": "e688",
      "unicode_decimal": 59016
    },
    {
      "icon_id": "15872062",
      "name": "开关 关",
      "font_class": "kaiguanguan1",
      "unicode": "e60a",
      "unicode_decimal": 58890
    },
    {
      "icon_id": "15872063",
      "name": "开关 开",
      "font_class": "kaiguankai1",
      "unicode": "e60c",
      "unicode_decimal": 58892
    },
    {
      "icon_id": "15451339",
      "name": "收 藏",
      "font_class": "shoucang",
      "unicode": "e601",
      "unicode_decimal": 58881
    },
    {
      "icon_id": "11572453",
      "name": "详情",
      "font_class": "xiangqing-",
      "unicode": "e609",
      "unicode_decimal": 58889
    },
    {
      "icon_id": "16511246",
      "name": "日志",
      "font_class": "rizhi",
      "unicode": "e712",
      "unicode_decimal": 59154
    },
    {
      "icon_id": "2736151",
      "name": "下载",
      "font_class": "xiazai",
      "unicode": "e7be",
      "unicode_decimal": 59326
    },
    {
      "icon_id": "19820126",
      "name": "上 传",
      "font_class": "shangchuan",
      "unicode": "e74d",
      "unicode_decimal": 59213
    },
    {
      "icon_id": "9686789",
      "name": "关联",
      "font_class": "guanlian",
      "unicode": "e69e",
      "unicode_decimal": 59038
    },
    {
      "icon_id": "10254978",
      "name": "导出",
      "font_class": "daochu",
      "unicode": "e60d",
      "unicode_decimal": 58893
    },
    {
      "icon_id": "19681342",
      "name": "新增",
      "font_class": "xinjianzengjiaxinzeng-20copy2",
      "unicode": "e606",
      "unicode_decimal": 58886
    },
    {
      "icon_id": "2653915",
      "name": "点",
      "font_class": "cirle",
      "unicode": "e605",
      "unicode_decimal": 58885
    },
    {
      "icon_id": "5622803",
      "name": "元数据面板",
      "font_class": "yuanshujumianban",
      "unicode": "e786",
      "unicode_decimal": 59270
    },
    {
      "icon_id": "10446922",
      "name": "文件夹",
      "font_class": "wenjianjia",
      "unicode": "e627",
      "unicode_decimal": 58919
    },
    {
      "icon_id": "16487705",
      "name": "文件夹",
      "font_class": "wenjianjia1",
      "unicode": "e629",
      "unicode_decimal": 58921
    },
    {
      "icon_id": "18025204",
      "name": "数据",
      "font_class": "shuju2",
      "unicode": "e79d",
      "unicode_decimal": 59293
    },
    {
      "icon_id": "7317086",
      "name": "市场",
      "font_class": "shichang",
      "unicode": "e625",
      "unicode_decimal": 58917
    },
    {
      "icon_id": "9989925",
      "name": "管理",
      "font_class": "guanli",
      "unicode": "e603",
      "unicode_decimal": 58883
    },
    {
      "icon_id": "11747495",
      "name": "扳手",
      "font_class": "banshou",
      "unicode": "e622",
      "unicode_decimal": 58914
    },
    {
      "icon_id": "163361",
      "name": "探索发现",
      "font_class": "tansuofaxian",
      "unicode": "e714",
      "unicode_decimal": 59156
    },
    {
      "icon_id": "6513424",
      "name": "地球",
      "font_class": "diqiu",
      "unicode": "e6e2",
      "unicode_decimal": 59106
    },
    {
      "icon_id": "7658850",
      "name": "数据库",
      "font_class": "shujuku",
      "unicode": "e600",
      "unicode_decimal": 58880
    },
    {
      "icon_id": "5755807",
      "name": "数据",
      "font_class": "shuju",
      "unicode": "e60b",
      "unicode_decimal": 58891
    },
    {
      "icon_id": "19707224",
      "name": "数据",
      "font_class": "shuju1",
      "unicode": "e69c",
      "unicode_decimal": 59036
    },
    {
      "icon_id": "13200527",
      "name": "企业",
      "font_class": "x",
      "unicode": "e61a",
      "unicode_decimal": 58906
    }
  ]
}
